Track Name,Artist Name(s),Album Name,Album Artist Name(s),Album Release Date,Disc Number,Track Number,Track Duration (ms),Track Preview URL,Popularity
What A Wonderful World,Louis Armstrong,What A Wonderful World,Louis Armstrong,1968-01-01,1,1,139226,,80
Dream A Little Dream Of Me - Single Version,"Ella Fitzgerald, Louis Armstrong","Love, Ella",Ella Fitzgerald,2007-05-03,1,4,185160,,69
My Baby Just Cares for Me (2013 - Remaster),Nina Simone,Little Girl Blue (2013 - Remaster),Nina Simone,2013-08-27,1,6,215746,https://p.scdn.co/mp3-preview/20f474f1742d04f1ed09a73e0d90fbade0c265d7?cid=9950ac751e34487dbbe027c4fd7f8e99,55
Fly Me To The Moon,"Frank Sinatra, Count Basie",Ultimate Sinatra,Frank Sinatra,2015-04-21,1,17,147146,,66
In the Mood - Live,Glenn Miller,The Glenn Miller Carnegie Hall Concert (Live),Glenn Miller,1939,1,8,209573,https://p.scdn.co/mp3-preview/531b9d7fc05c730851c88386d9a3f5734eb21843?cid=9950ac751e34487dbbe027c4fd7f8e99,63
Unforgettable,Nat King Cole,Unforgettable,Nat King Cole,1954-01-01,1,1,191973,,72
Cheek To Cheek,"Ella Fitzgerald, Louis Armstrong",The Complete Ella And Louis On Verve,"Ella Fitzgerald, Louis Armstrong",1997-05-20,1,9,354533,,66
La vie en rose - Single Version,Louis Armstrong,Satchmo Serenades,Louis Armstrong,1952-04-01,1,5,203760,,70
The Girl From Ipanema,Stan Getz,Getz/Gilberto (Expanded Edition),"Stan Getz, João Gilberto",1964,1,1,320253,,69
Take Five,The Dave Brubeck Quartet,Time Out,The Dave Brubeck Quartet,1959-12-14,1,3,324133,https://p.scdn.co/mp3-preview/eb37af1ddf50ffaa177884c1a62fc669e69dd472?cid=9950ac751e34487dbbe027c4fd7f8e99,70
Stormy Weather,Etta James,At Last!,Etta James,1960,1,9,187666,,71
I'll Be Seeing You,Billie Holiday,Billie Holiday,Billie Holiday,1957-01-01,1,3,211533,,69
My Funny Valentine,Chet Baker,Chet Baker Sings,Chet Baker,1956,1,10,141133,,68
A Kiss To Build A Dream On - Single Version,Louis Armstrong,Satchmo Serenades,Louis Armstrong,1952-04-01,1,2,181493,,66
Love Me Or Leave Me,Nina Simone,Let It All Out,Nina Simone,1966-01-01,1,3,244866,,61
Nature Boy,Nat King Cole,The Nat King Cole Story,Nat King Cole,1991-01-01,1,7,173533,,60
Summertime,"Ella Fitzgerald, Louis Armstrong",Porgy And Bess,"Ella Fitzgerald, Louis Armstrong",1958-01-01,1,2,298133,,68
Fly Me To The Moon,Astrud Gilberto,The Shadow Of Your Smile,Astrud Gilberto,1965-05-22,1,4,142533,,66
Cantaloupe Island - Remastered 1999/Rudy Van Gelder Edition,Herbie Hancock,Empyrean Isles (Expanded Edition),Herbie Hancock,1964-06-17,1,3,333946,,64
Blue Moon,Billie Holiday,Solitude,Billie Holiday,1956-01-01,1,2,207826,,68
Corcovado (Quiet Nights Of Quiet Stars),"Stan Getz, João Gilberto, Astrud Gilberto, Antônio Carlos Jobim",Getz/Gilberto (Expanded Edition),"Stan Getz, João Gilberto",1964,1,5,256560,,65
I Fall In Love Too Easily,Chet Baker,Chet Baker Sings,Chet Baker,1956,1,13,201440,,69
Mack the Knife,Louis Armstrong,The Great American Songbook,Louis Armstrong,1929,1,14,201466,https://p.scdn.co/mp3-preview/d9d85f20ecf67dd2af7248b2f78ad649e1fa6a06?cid=9950ac751e34487dbbe027c4fd7f8e99,59
In A Sentimental Mood,"Duke Ellington, John Coltrane",Duke Ellington & John Coltrane,"Duke Ellington, John Coltrane",1963-02,1,1,255226,,69
Giant Steps - 2020 Remaster,John Coltrane,Giant Steps (60th Anniversary Super Deluxe Edition) [2020 Remaster],John Coltrane,2020-09-18,1,1,287843,https://p.scdn.co/mp3-preview/8ba4567261c9bc0b9c2393ffbaea1753e7a04b07?cid=9950ac751e34487dbbe027c4fd7f8e99,58
Night And Day,Ella Fitzgerald,Ella Fitzgerald Sings The Cole Porter Song Book (Expanded Edition),Ella Fitzgerald,1997-01-15,2,11,184093,,51
Blue in Green (feat. John Coltrane & Bill Evans),"Miles Davis, John Coltrane, Bill Evans",Kind Of Blue (Legacy Edition),Miles Davis,1959-08-17,1,3,337733,https://p.scdn.co/mp3-preview/9cedbd49d385ca7b8e22d7ba1d000a294dd8754e?cid=9950ac751e34487dbbe027c4fd7f8e99,67
Autumn Leaves,Chet Baker,My Funny Valentine: The Best Of Chet Baker,Chet Baker,2010-04-23,2,1,423573,https://p.scdn.co/mp3-preview/1bf0de2516a8a071e1d7b9fb56efcaa114f5c314?cid=9950ac751e34487dbbe027c4fd7f8e99,58
Teach Me Tonight,Dinah Washington,"The Complete Dinah Washington On Mercury, Vol.4 (1954-1956)",Dinah Washington,1988-01-01,1,2,167493,,62
All of Me,Billie Holiday,Lady Day: The Complete Billie Holiday On Columbia (1933-1944),Billie Holiday,1933,7,2,181440,https://p.scdn.co/mp3-preview/9e9abd033894e3e373e795742d0c63c982d786ca?cid=9950ac751e34487dbbe027c4fd7f8e99,67
My One And Only Love,"John Coltrane, Johnny Hartman",John Coltrane And Johnny Hartman,"John Coltrane, Johnny Hartman",1963-01-01,1,3,295240,,65
Lullaby Of Birdland,Sarah Vaughan,Sarah Vaughan,Sarah Vaughan,1954-12-01,1,1,240866,,56
Moanin' - Remastered 1998/Rudy Van Gelder Edition,Art Blakey,Moanin' (Expanded Edition),Art Blakey & The Jazz Messengers,1959-01-01,1,2,570720,,58
Summertime,Charlie Parker,April In Paris: The Genius Of Charlie Parker #2,Charlie Parker,1957-08-08,1,2,167121,,59
"So What (feat. John Coltrane, Cannonball Adderley & Bill Evans)","Miles Davis, John Coltrane, Cannonball Adderley, Bill Evans",Kind Of Blue (Legacy Edition),Miles Davis,1959-08-17,1,1,562640,https://p.scdn.co/mp3-preview/d1a1a7b585e7bcf9becc2ab44938f6399fe90659?cid=9950ac751e34487dbbe027c4fd7f8e99,65
Autumn In New York,"Ella Fitzgerald, Louis Armstrong",Ella And Louis Again,"Ella Fitzgerald, Louis Armstrong",1957-02-25,1,5,356626,,64
Watermelon Man - Remastered,Herbie Hancock,Takin' Off (Expanded Edition),Herbie Hancock,1962-05-28,1,1,429266,,58
I Get Along Without You Very Well (Except Sometimes) - Vocal Version,Chet Baker,Chet Baker Sings,Chet Baker,1956,1,9,179640,,62
Solitude,Billie Holiday,Solitude,Billie Holiday,1956-01-01,1,8,207600,,69
My Favorite Things,John Coltrane,My Favorite Things (Deluxe Edition),John Coltrane,1961,1,1,824133,https://p.scdn.co/mp3-preview/f5c11004f9f6e5d44398a33ce77a60139fd5e9a7?cid=9950ac751e34487dbbe027c4fd7f8e99,56
Misty,Sarah Vaughan,Sarah Vaughan's Golden Hits,Sarah Vaughan,1958-07-07,1,1,179373,,59
"Mercy, Mercy, Mercy",Cannonball Adderley,Jazz Profile: Cannonball Adderley,Cannonball Adderley,1997-01-01,1,5,313200,,55
Let's Do It,Eartha Kitt,That Bad Eartha,Eartha Kitt,1957,1,5,185466,https://p.scdn.co/mp3-preview/f49c57b8d39fe8844504b762df87f3d9df02d47a?cid=9950ac751e34487dbbe027c4fd7f8e99,53
Everything Happens to Me,Chet Baker,Chet Baker Sings: It Could Happen To You [Original Jazz Classics Remasters] (OJC Remaster),Chet Baker,2010-01-01,1,7,305186,,51
"Take the ""A"" Train",Duke Ellington,Jazz Profiles,Duke Ellington,2008-07-14,1,1,332640,https://p.scdn.co/mp3-preview/447c4b7b59413ba54cc58043ac8083b378e4c0f0?cid=9950ac751e34487dbbe027c4fd7f8e99,48
Besame Mucho,Dave Brubeck,On Time,Dave Brubeck,2001-04-02,1,8,354573,https://p.scdn.co/mp3-preview/7b438aa8c906d7bc13dd3dcb09c8a3f9c1d280c1?cid=9950ac751e34487dbbe027c4fd7f8e99,54
Blue Rondo à la Turk,The Dave Brubeck Quartet,Time Out,The Dave Brubeck Quartet,1959-03-24,1,1,403640,https://p.scdn.co/mp3-preview/a464541aef0fc1c02c39af449c1ff59a2f501207?cid=9950ac751e34487dbbe027c4fd7f8e99,49
Stompin At The Savoy,Benny Goodman,B. G. In Hi Fi,Benny Goodman,1990-01-01,1,11,195533,,57
Lover Man,Billie Holiday,Lover Man,Billie Holiday,1958-01-01,1,1,197706,,56
Song For My Father,Horace Silver,Song For My Father,Horace Silver,1999-01-01,1,1,438280,,59
I'm Glad There Is You,Julie London,Julie Is Her Name,Julie London,1955-12-01,1,4,147413,,59
Blue Train,John Coltrane,Blue Train,John Coltrane,1957-11-01,1,1,643127,,55
My Little Brown Book,"Duke Ellington, John Coltrane",Duke Ellington & John Coltrane,"Duke Ellington, John Coltrane",1963-02,1,5,319733,,62
Coffee Cold,Galt MacDermot,Shapes of Rhythm/Woman Is Sweeter,Galt MacDermot,2000-01-01,1,3,205720,https://p.scdn.co/mp3-preview/f25e7453e3aa8f11321bd4461a93b58fe371c4e8?cid=9950ac751e34487dbbe027c4fd7f8e99,62
Autumn Leaves,Cannonball Adderley,Somethin' Else (Rudy Van Gelder Edition),Cannonball Adderley,1958,1,1,659520,,59
All the Things You Are,Charlie Parker,All the Things You Are,Charlie Parker,2002-03-01,2,8,170626,https://p.scdn.co/mp3-preview/63258880c92b5fa2e5aada6d181072027dd05977?cid=9950ac751e34487dbbe027c4fd7f8e99,49
"'Round Midnight (feat. John Coltrane, Red Garland, Paul Chambers & Philly Joe Jones)","Miles Davis, John Coltrane, Red Garland, Paul Chambers, Philly Joe Jones",'Round About Midnight,Miles Davis,1957-03-18,1,1,355333,https://p.scdn.co/mp3-preview/c4114e23f7f1ea9ed4321113006c9c2599e5d355?cid=9950ac751e34487dbbe027c4fd7f8e99,57
On The Sunny Side Of The Street,"Dizzy Gillespie, Sonny Stitt, Sonny Rollins",Dizzy 100,Dizzy Gillespie,2017-09-29,3,3,342891,,53
Splanky,Count Basie,The Atomic Mr Basie,Count Basie,1958,1,9,217373,https://p.scdn.co/mp3-preview/74d25a3af9fdbd87c4cea6c0e5a845830c49c822?cid=9950ac751e34487dbbe027c4fd7f8e99,51
Naima - Mono,John Coltrane,Giant Steps (Mono),John Coltrane,1960,1,6,265049,https://p.scdn.co/mp3-preview/3155a86c45d6c5fb1d4fb16493d1b9aa95b284a1?cid=9950ac751e34487dbbe027c4fd7f8e99,57
My Funny Valentine - Rudy Van Gelder Remaster 2007,Miles Davis Quintet,Cookin' With The Miles Davis Quintet,Miles Davis Quintet,1957,1,1,358200,,57
"Milestones (feat. John Coltrane, Cannonball Adderley, Red Garland, Paul Chambers & Philly Joe Jones)","Miles Davis, John Coltrane, Cannonball Adderley, Red Garland, Paul Chambers, Philly Joe Jones",Milestones,Miles Davis,1958-04,1,4,342066,https://p.scdn.co/mp3-preview/4fe47c49e5ca36f32c0248bafed30baee5c439cc?cid=9950ac751e34487dbbe027c4fd7f8e99,57
Mean To Me - Remastered/1998,Dean Martin,This Time I'm Swingin',Dean Martin,1960,1,10,130253,,52
The Masquerade Is Over,"Nancy Wilson, Cannonball Adderley",Nancy Wilson/Cannonball Adderley,"Nancy Wilson, Cannonball Adderley",1962,1,5,258106,,55
You Go To My Head - 2020 Mix,Frank Sinatra,Nice 'n' Easy (2020 Mix / Expanded Edition),Frank Sinatra,1960-07-25,1,5,266800,,55
There Will Never Be Another You,"Lester Young, Oscar Peterson Trio",The President Plays With The Oscar Peterson Trio,"Lester Young, Oscar Peterson Trio",1959-06-02,1,11,205666,,61
Skating In Central Park,"Bill Evans, Jim Hall",Undercurrent,Bill Evans,1962,1,5,324200,,61
Bye Bye Blackbird,Etta Jones,Don't Go To Strangers (Rudy Van Gelder Remaster),Etta Jones,1960-01-01,1,9,194240,,59
Goodbye Pork Pie Hat,Charles Mingus,Mingus Ah Um,Charles Mingus,1959,1,2,342373,https://p.scdn.co/mp3-preview/05eba2024f734955141b525fbce773da11b50461?cid=9950ac751e34487dbbe027c4fd7f8e99,57
"Freddie Freeloader (feat. John Coltrane, Cannonball Adderley, Wynton Kelly & Paul Chambers)","Miles Davis, John Coltrane, Cannonball Adderley, Wynton Kelly, Paul Chambers",Kind Of Blue,Miles Davis,1959-08-17,1,2,586493,https://p.scdn.co/mp3-preview/f6ce6ee90bc089936ad3645a9e4828cba1ddf48d?cid=9950ac751e34487dbbe027c4fd7f8e99,55
The Sidewinder - Remastered 1999/Rudy Van Gelder Edition,Lee Morgan,The Sidewinder (The Rudy Van Gelder Edition),Lee Morgan,1999-01-01,1,1,625293,,50
Tea for Two,Art Tatum,Piano Starts Here,Art Tatum,1933,1,1,193866,https://p.scdn.co/mp3-preview/6d2640fb03879c1969fea5c455e7079f6dfc2e4d?cid=9950ac751e34487dbbe027c4fd7f8e99,53
Embraceable You,"Sarah Vaughan, Clifford Brown",Sarah Vaughan,Sarah Vaughan,1954-12-01,1,6,291173,,55
Don't Go To Strangers,Etta Jones,Don't Go To Strangers (Rudy Van Gelder Remaster),Etta Jones,1960-01-01,1,2,228360,,55
Midnight Blue - Remastered,Kenny Burrell,Midnight Blue (The Rudy Van Gelder Edition),Kenny Burrell,1963,1,4,242346,,56
A Day In The Life,Wes Montgomery,A Day In The Life,Wes Montgomery,1967-01-01,1,1,349906,,56
Visa från Utanmyra,Jan Johansson,Jazz på svenska,Jan Johansson,1964,1,1,273800,https://p.scdn.co/mp3-preview/faed4e15d6ce914b5185efebca7d48c7733f50c2?cid=9950ac751e34487dbbe027c4fd7f8e99,52
'Round Midnight,Thelonious Monk,"Genius Of Modern Music (Vol.1, Expanded Edition)",Thelonious Monk,1951,1,20,193840,,58
A Nightingale Sang In Berkeley Square,"Stan Getz, Bob Brookmeyer",Recorded Fall '61,"Stan Getz, Bob Brookmeyer",1961-01-01,1,5,419626,,59
I've Grown Accustomed To Her Face - Remastered/1998,Dean Martin,This Time I'm Swingin',Dean Martin,1960,1,8,162866,,55
I Got It Bad And That Ain't Good,Oscar Peterson Trio,Night Train (Expanded Edition),Oscar Peterson Trio,1963-01-01,1,9,306226,,63
They Can't Take That Away from Me (2012 - Remaster),Mel Tormé,Mel Tormé Sings Fred Astaire (2012 - Remaster),Mel Tormé,2012-12-19,1,9,181653,https://p.scdn.co/mp3-preview/3cbcd6ae27eb6f8d0face487457f08de6790c80d?cid=9950ac751e34487dbbe027c4fd7f8e99,35
Stormy Weather,Oscar Peterson,Work From Home with Oscar Peterson,"Oscar Peterson, Oscar Peterson Trio",2020-04-17,1,3,214000,,55
If I Should Lose You,Nina Simone,Wild Is The Wind,Nina Simone,1966-09-16,1,10,235760,,50
Strange Meadow Lark,The Dave Brubeck Quartet,Time Out,The Dave Brubeck Quartet,1959-03-24,1,2,442226,https://p.scdn.co/mp3-preview/32d59d94e41ada4cf15891d7704455b5b2f19f7f?cid=9950ac751e34487dbbe027c4fd7f8e99,49
Almost Like Being In Love,"Red Garland, Paul Chambers, Art Taylor",Red Garland's Piano,Red Garland,1957,1,4,290293,,57
When Sunny Gets Blue,McCoy Tyner,Today And Tomorrow,McCoy Tyner,1964,1,6,282320,,61
Come Rain or Come Shine,Sarah Vaughan,Sarah Vaughan In Hi-Fi,Sarah Vaughan,1949,1,3,203000,https://p.scdn.co/mp3-preview/01e26fd1e9869134129b82e99bec36f9360e7d57?cid=9950ac751e34487dbbe027c4fd7f8e99,47
Turiya & Ramakrishna,Alice Coltrane,Ptah The El Daoud,Alice Coltrane,1996-01-01,1,2,498146,,57
Give Me The Simple Life,Lorez Alexandria,Alexandria The Great,Lorez Alexandria,1964-01-01,1,9,140520,,62
St. Thomas,"Sonny Rollins, Tommy Flanagan, Doug Watkins, Max Roach",Saxophone Colossus,Sonny Rollins,1957-04,1,1,406266,,49
"Straight, No Chaser",Thelonious Monk,"Straight, No Chaser",Thelonious Monk,1967,1,3,688133,https://p.scdn.co/mp3-preview/ccf83ab07530858fa10b446fd092d57a12a81b29?cid=9950ac751e34487dbbe027c4fd7f8e99,53
Dindi,Astrud Gilberto,The Astrud Gilberto Album,Astrud Gilberto,1965-01-01,1,7,161173,,52
The Shadow of Your Smile,"Dexter Gordon, Slide Hampton",A Day in Copenhagen,"Dexter Gordon, Slide Hampton",1969-04-21,1,5,297875,https://p.scdn.co/mp3-preview/3a63d330e189f67a3b04af019dcc5be6377617d8?cid=9950ac751e34487dbbe027c4fd7f8e99,50
My Romance - Rudy Van Gelder Remaster,Gene Ammons,Boss Tenor,Gene Ammons,2006-01-01,1,3,252946,,56
O Pato,"Stan Getz, Charlie Byrd",Jazz Samba,"Stan Getz, Charlie Byrd",1962-01-01,1,3,149080,,54
Gary's Theme - Remastered,Bill Evans,You Must Believe In Spring (Remastered Version),Bill Evans,1981-02-02,1,3,257693,,62
Better Git It in Your Soul,Charles Mingus,Mingus Ah Um,Charles Mingus,1959,1,1,440840,https://p.scdn.co/mp3-preview/f64b7c9a5862cf4c82fdc4632d0cae600db1dd4e?cid=9950ac751e34487dbbe027c4fd7f8e99,50
Blue Bossa - Remastered,Joe Henderson,Page One,Joe Henderson,1963-10-01,1,1,482440,,52
"Köln, January 24, 1975, Pt. II C - Live",Keith Jarrett,The Köln Concert,Keith Jarrett,1975-11-30,1,4,416840,,53
Stolen Moments,Oliver Nelson,The Blues And The Abstract Truth,Oliver Nelson,1961-08-01,1,1,525613,,55
Blue Monk - Rudy Van Gelder Remaster,Thelonious Monk,Thelonious Monk,Thelonious Monk,1954,1,1,456360,,48
Chitlins Con Carne,Kenny Burrell,Midnight Blue (The Rudy Van Gelder Edition),Kenny Burrell,1963,1,1,330440,,54
You Don't Know What Love Is,Dinah Washington,For Those In Love (Expanded Edition),Dinah Washington,1955-01-01,1,4,245000,,46
From Gagarin's Point of View,Esbjörn Svensson Trio,From Gagarin's Point of View,Esbjörn Svensson Trio,1999-04-26,1,5,243333,https://p.scdn.co/mp3-preview/119355d96650892118b8190eaf2e7d3f27441508?cid=9950ac751e34487dbbe027c4fd7f8e99,53
Alone Together,Peggy Lee,Things Are Swingin',Peggy Lee,1958-11-03,1,7,127800,,48
Over The Rainbow,Lou Donaldson,Everything I Play Is Funky,Lou Donaldson,1995-01-01,1,3,431266,,49
C Jam Blues,Oscar Peterson Trio,Night Train (Expanded Edition),Oscar Peterson Trio,1963-01-01,1,2,203466,,54
I Guess I'll Hang My Tears Out To Dry - Rudy Van Gelder Edition/Remastered 1999,Dexter Gordon,Go! (The Rudy Van Gelder Edition),Dexter Gordon,1962,1,2,322000,,52
Just Friends,Sarah Vaughan,After Hours,Sarah Vaughan,1955-04-12,1,12,181493,https://p.scdn.co/mp3-preview/9b3d6ad3fa573a8b609db3a2211383b27f58ee1d?cid=9950ac751e34487dbbe027c4fd7f8e99,47
What A Little Moonlight Can Do - Remastered,Nancy Wilson,Something Wonderful,Nancy Wilson,2004-01-01,1,7,147666,,47
Cristo Redentor - Remastered,Donald Byrd,A New Perspective (Remastered / Rudy Van Gelder Edition),Donald Byrd,1963,1,3,343280,,50
Midnight Special - Remastered 2007/Rudy Van Gelder Edition,Jimmy Smith,Midnight Special (Remastered),Jimmy Smith,1961,1,1,597280,,49
Salt Peanuts,Dizzy Gillespie,Groovin' High,Dizzy Gillespie,1955-01-01,1,5,196640,,47
I Remember Clifford - Rudy Van Gelder Edition; 2007 Digital Remaster,Lee Morgan,Volume 3,Lee Morgan,1957-04-01,1,3,429040,,51
"Waltz For Debby - Live At The Village Vanguard, New York / 1961 / Take 2",Bill Evans Trio,At The Village Vanguard,Bill Evans Trio,1961,1,9,409640,,55
These Foolish Things - Remastered 1995,Lester Young,The Complete Aladdin Recordings Of Lester Young,"Lester Young, Helen Humes, Nat King Cole",1995-01-01,1,7,190933,,56
I'm A Fool To Want You,Dexter Gordon,Ballads,Dexter Gordon,1991-01-01,1,3,405226,,50
Comin' Home Baby,Herbie Mann,Atlantic Jazz: Soul,Various Artists,2005-05-10,1,4,519600,https://p.scdn.co/mp3-preview/7e933299a5162082cc881382cb3609230ec1cac8?cid=9950ac751e34487dbbe027c4fd7f8e99,47
Sunday,"Ben Webster, Oscar Peterson",Ben Webster's Finest Hour,Ben Webster,2000-06-21,1,11,237493,,49
But Beautiful,"Stan Getz, Bill Evans",Stan Getz & Bill Evans,"Stan Getz, Bill Evans",1973-03-01,1,2,280840,,60
You'd Be So Nice To Come Home To,"Coleman Hawkins, Ben Webster",Coleman Hawkins Encounters Ben Webster (Expanded Edition),"Coleman Hawkins, Ben Webster",1959-11-01,1,4,255626,,51
Love Theme From Spartacus - Rudy Van Gelder Remaster / 2006,Yusef Lateef,Eastern Sounds,Yusef Lateef,1961,1,5,251600,,57
Footprints - Remastered,Wayne Shorter,Adam's Apple (Rudy Van Gelder Edition),Wayne Shorter,1967,1,4,449773,,54
Autumn Nocturne,Lou Donaldson,Blues Walk,Lou Donaldson,1958,1,5,294666,,61
So Tender,"Keith Jarrett, Gary Peacock, Jack DeJohnette","Standards, Vol. 2",Keith Jarrett,1983,1,1,435266,,53
Windows,Chick Corea,The Best Of Chick Corea,Chick Corea,1993-01-01,1,5,191933,,46
All Alone,Mal Waldron,All Alone,Mal Waldron,1966-01-01,1,1,310054,https://p.scdn.co/mp3-preview/6418915e1a9f11632c7dab29e8aac4dece9d00f2?cid=9950ac751e34487dbbe027c4fd7f8e99,49
Stardust,"Gerry Mulligan, Chet Baker",Reunion With Chet Baker,"Gerry Mulligan, Chet Baker",1988-01-01,1,3,286133,,54
Body and Soul,Coleman Hawkins,Body & Soul,Coleman Hawkins,1996-05-21,1,4,182360,https://p.scdn.co/mp3-preview/3e9f6ae5d786a05b6267fa4ac189d4b037d0651e?cid=9950ac751e34487dbbe027c4fd7f8e99,54
In The Wee Small Hours Of The Morning,Johnny Hartman,I Just Dropped By To Say Hello,Johnny Hartman,1963,1,2,164933,,53
Maiden Voyage - Remastered,Herbie Hancock,Maiden Voyage,Herbie Hancock,1965-05-17,1,1,477093,,52
Cool Struttin',Sonny Clark,Cool Struttin' (Remastered / Rudy Van Gelder Edition),Sonny Clark,1958,1,1,563613,,51
The Nearness Of You - Remastered,"George Shearing Quintet, Nancy Wilson",The Swingin's Mutual (Expanded Edition / Remastered),"George Shearing, Nancy Wilson",1961,1,3,180200,,46
'Long As You Know You're Living Yours,"Keith Jarrett, Jan Garbarek, Palle Danielsson, Jon Christensen",Belonging,Keith Jarrett,1974-10-01,1,3,370866,,48
Chloe,Joe Pass,Intercontinental,Joe Pass,2014-07-11,1,1,321951,https://p.scdn.co/mp3-preview/876f9fd815d5a17902bc88490a38161470a0558c?cid=9950ac751e34487dbbe027c4fd7f8e99,49
Alone Together - Rudy Van Gelder Remaster 2006,Kenny Dorham,Quiet Kenny,Kenny Dorham,1992-01-01,1,4,190400,,56
Blue Skies,Art Tatum,The Complete Capitol Recordings Of Art Tatum,Art Tatum,1997-01-01,2,3,172293,,46
Four Brothers,Art Pepper,Art Pepper + Eleven: Modern Jazz Classics,Art Pepper,1959-01-01,1,5,178533,,49
Dig Dis - Remastered 1999/Rudy Van Gelder Edition,Hank Mobley,Soul Station,Hank Mobley,1960-10-01,1,3,369386,,55
God Bless the Child,Sonny Rollins,The Bridge,Sonny Rollins,1962,1,5,447560,https://p.scdn.co/mp3-preview/112485591bb31c71346dba61262debc5af5d7967?cid=9950ac751e34487dbbe027c4fd7f8e99,50
My One And Only Love,"Chick Corea, Malcolm Addey","Now He Sings, Now He Sobs",Chick Corea,2002-01-01,1,13,214026,,53
Four,Miles Davis Quintet,Workin' With The Miles Davis Quintet,Miles Davis Quintet,1959,1,2,433106,,49
One For Daddy-O,Cannonball Adderley,Somethin' Else (Rudy Van Gelder Edition),Cannonball Adderley,1958,1,4,505453,,51
This Is Always,Betty Carter,Inside Betty Carter,Betty Carter,1993-08-02,1,1,191960,https://p.scdn.co/mp3-preview/c05bac3e2a9831a10e44a5b7574630302e27b589?cid=9950ac751e34487dbbe027c4fd7f8e99,55
Django - Rudy Van Gelder Edition / Remastered 1999,Grant Green,Idle Moments,Grant Green,1999-01-01,1,3,524093,,48
Ruby My Dear,Roy Hargrove,Approaching Standards,Roy Hargrove,1994-08-16,1,2,372493,https://p.scdn.co/mp3-preview/4186138405f753d2724ef9321c1c0bc0d1831601?cid=9950ac751e34487dbbe027c4fd7f8e99,52
Softly As In A Morning Sunrise,The Modern Jazz Quartet,Elegance: The Birth Of The Modern Jazz Quartet,The Modern Jazz Quartet,1954,1,1,209400,,50
Crystal Silence,Chick Corea,Return To Forever,Chick Corea,1972-07-01,1,2,415000,,50
Polka Dots And Moonbeams - 1994 Remaster,Bud Powell,"The Amazing Bud Powell, Vol. 2 (1989 Version)",Bud Powell,1998-01-01,1,12,243773,,48
Solar - Rudy Van Gelder Remaster,Miles Davis Quintet,Walkin',Miles Davis,1957,1,3,282866,,51
Too Young To Go Steady,John Coltrane Quartet,Ballads (Deluxe Edition - Rudy Van Gelder Remaster),John Coltrane Quartet,1963,1,3,259812,,56
Never Will I Marry,"Cannonball Adderley, Nancy Wilson, Sweet",Nancy Wilson/Cannonball Adderley,"Nancy Wilson, Cannonball Adderley",1962,1,2,139200,,48
Isfahan,Duke Ellington,Far East Suite,Duke Ellington,1967,1,3,245880,https://p.scdn.co/mp3-preview/80ac1a81a82e98270217d37916f8acfc53c2773c?cid=9950ac751e34487dbbe027c4fd7f8e99,48
You Don't Know What Love Is,Anita O'Day,An Evening With Anita O'Day,Anita O'Day,1955,1,10,178066,,46
April In Paris - 2007 Remaster/Rudy Van Gelder Edition,Thad Jones,The Magnificent Thad Jones (Remastered),Thad Jones,2007-01-01,1,1,403360,,49
Softly As In A Morning Sunrise - Remastered 2001/Rudy Van Gelder Edition,Sonny Clark Trio,Sonny Clark Trio (Remastered 2001/Rudy Van Gelder Edition),Sonny Clark Trio,1958-01-01,1,5,393533,,49
Journey Into Melody - 2007 Digital Remaster/Rudy Van Gelder Edition,Stanley Turrentine,Look Out! (Remastered),Stanley Turrentine,2007-01-01,1,2,295200,,54
Lullaby Of The Leaves - 1998 Digital Remaster,Gerry Mulligan,The Original Quartet With Chet Baker,"Gerry Mulligan, Chet Baker",1998-01-01,1,7,195160,,46
A Night In Tunisia - Rudy Van Gelder Edition / 2003 Remaster,Dexter Gordon,Our Man In Paris (Rudy Van Gelder Edition),Dexter Gordon,1963,1,5,495373,,47
Journey In Satchidananda,"Alice Coltrane, Pharoah Sanders",Journey in Satchidananda,Alice Coltrane,1971,1,1,396066,,53
Joy Spring,Clifford Brown,The Best Of Clifford Brown,Clifford Brown,1998-01-01,1,8,198800,,48
Danny's Dream,Lars Gullin,Fäbodjazz,Lars Gullin,1998-03-04,1,1,338733,https://p.scdn.co/mp3-preview/d5ff0df68192709992c326ffc8589e5c7e6ece23?cid=9950ac751e34487dbbe027c4fd7f8e99,46
"Goodbye, Old Girl",Art Farmer,Art,Art Farmer,1960-09-20,1,2,274333,,52
I Thought About You,Dinah Washington,What A Diff'rence A Day Makes! (Expanded Edition),Dinah Washington,1959-02-19,1,2,154706,,44
Where We Used to Live,Esbjörn Svensson Trio,Tuesday Wonderland,Esbjörn Svensson Trio,2006-09-22,1,7,267173,https://p.scdn.co/mp3-preview/9e4e2bf77b91711c323fdbd31285ed361c6d18bd?cid=9950ac751e34487dbbe027c4fd7f8e99,53
I Fall In Love Too Easily,Bill Evans Trio,Moon Beams [Original Jazz Classics Remasters],Bill Evans Trio,1962,1,3,162680,,57
It Could Happen To You,Miles Davis Quintet,Relaxin' With The Miles Davis Quintet,Miles Davis Quintet,1958,1,5,396960,,49
Koko - Original Take 2,Charlie Parker,The Charlie Parker Story,Charlie Parker,1956-01-01,1,16,173733,,45
Nature Boy,"Jan Johansson, Georg Riedel",Jan Johansson in Hamburg with Georg Riedel,"Jan Johansson, Georg Riedel",2011-08-26,1,2,284186,https://p.scdn.co/mp3-preview/1b0b3949f28e67df5350bf28f3f9780e0f40a011?cid=9950ac751e34487dbbe027c4fd7f8e99,46
This I Dig Of You - Remastered 1999/Rudy Van Gelder Edition,Hank Mobley,Soul Station,Hank Mobley,1960-10-01,1,2,385866,,50
Joy Spring,"Clifford Brown, Max Roach Quintet",Clifford Brown And Max Roach,"Clifford Brown, Max Roach",1954-12-01,1,4,410666,,51
Tenor Madness - Rudy Van Gelder Remaster,"Sonny Rollins Quartet, John Coltrane",Tenor Madness,Sonny Rollins Quartet,1956,1,1,733066,,45
Moon River,Vince Guaraldi Trio,Jazz Impressions Of Black Orpheus [Original Jazz Classics Remasters] (OJC Remaster),Vince Guaraldi Trio,2010-01-01,1,6,321026,,50
Tell Me a Bedtime Story,Herbie Hancock,Fat Albert Rotunda,Herbie Hancock,1969-12-08,1,3,301866,https://p.scdn.co/mp3-preview/0c419858be533e7f35887d8089814f53b21aae58?cid=9950ac751e34487dbbe027c4fd7f8e99,52
Dolphin Dance,Ahmad Jamal Trio,The Awakening,Ahmad Jamal Trio,1970,1,4,309200,,53
Quick Trick,Art Blakey & The Jazz Messengers,Just Coolin',Art Blakey & The Jazz Messengers,2020-07-17,1,4,283740,,45
Since I Fell For You - Rudy Van Gelder Edition / 2007 / Digital Remaster,Lee Morgan,Candy (Remastered),Lee Morgan,1957,1,2,339333,,51
Senor Mouse,"Gary Burton, Chick Corea",Crystal Silence,"Gary Burton, Chick Corea",1973-04-16,1,1,377706,,45
Speak No Evil - Remastered 1998 / Rudy Van Gelder Edition,Wayne Shorter,Speak No Evil,Wayne Shorter,1966-06-01,1,4,503786,,49
It Never Entered My Mind,"Coleman Hawkins, Ben Webster",Coleman Hawkins Encounters Ben Webster (Expanded Edition),"Coleman Hawkins, Ben Webster",1959-11-01,1,2,346920,,51
You'd Be So Nice to Come Home To,Art Pepper,Art Pepper Meets The Rhythm Section (OJC Remaster),Art Pepper,1957,1,1,327773,,48
Love For Sale - 1959 Version,Anita O'Day,Anita O'Day Swings Cole Porter With Billy May,Anita O'Day,1959-01-01,1,2,164840,,46
I'm A Fool To Want You - 2006 Digital Remaster,Donald Byrd,Royal Flush,Donald Byrd,2006-01-01,1,2,372786,,48
The Things We Did Last Summer,Freddie Hubbard,The Hub of Hubbard,Freddie Hubbard,2016-05-13,1,4,439120,https://p.scdn.co/mp3-preview/64f215dbc417d9e8b0e87da9bc2ec2a58e443eda?cid=9950ac751e34487dbbe027c4fd7f8e99,47
For Lena And Lennie,Quincy Jones,The Quintessence,Quincy Jones,1962,1,5,259413,,45
Along Came Betty,Art Blakey,Moanin' (Expanded Edition),Art Blakey & The Jazz Messengers,1959-01-01,1,4,368746,,48
Monticello,The Monty Alexander Trio,We've Only Just Begun,The Monty Alexander Trio,2014-08-11,1,3,232377,https://p.scdn.co/mp3-preview/f1444e5ab5f2964d6d34b110198bf4a543574140?cid=9950ac751e34487dbbe027c4fd7f8e99,44
Young And Foolish,Bill Evans,Everybody Digs Bill Evans,Bill Evans,1959,1,2,354666,,52
Summertime,Albert Ayler,On Green Dolphin Street,Albert Ayler,2016-01-18,1,11,527579,https://p.scdn.co/mp3-preview/2947999bc1f330a1b5ed2f590a7544f2cb21a81d?cid=9950ac751e34487dbbe027c4fd7f8e99,40
My Groove Your Move - Rudy Van Gelder Edition,Hank Mobley,Roll Call,Hank Mobley,1960-01-01,1,2,367400,,47
Stars Fell On Alabama,Toots Thielemans,The Real... Toots Thielemans,Toots Thielemans,2017-03-24,2,15,193160,https://p.scdn.co/mp3-preview/cff896688387fc5e6c4ff6e4a594b6056e7c7e58?cid=9950ac751e34487dbbe027c4fd7f8e99,41
Hipsippy Blues,Art Blakey & The Jazz Messengers,Just Coolin',Art Blakey & The Jazz Messengers,2020-07-17,1,1,400446,,46
Mood Indigo,Charles Mingus,Mingus Mingus Mingus Mingus Mingus,Charles Mingus,1963,1,4,285933,,50
Search For Peace,McCoy Tyner,The Real McCoy (Remastered / Rudy Van Gelder Edition),McCoy Tyner,1967,1,4,392000,,50
Questar,"Keith Jarrett, Jan Garbarek, Palle Danielsson, Jon Christensen",My Song,Keith Jarrett,1978-06-01,1,1,550493,,46
Fair Weather - Remastered,Art Farmer,Modern Art,Art Farmer,1958,1,2,344066,,44
Dedicated To You,Freddie Hubbard,The Body & The Soul,Freddie Hubbard,1964-07-15,1,4,202773,,49
Stolen Moments,Ahmad Jamal Trio,The Awakening,Ahmad Jamal Trio,1970,1,6,392026,,46
Alone Together,Sonny Stitt,New York Jazz,Sonny Stitt,1956-01-01,1,4,291840,,44
Honeysuckle Rose,Anita O'Day,Anita,Anita O'Day,1955-01-01,1,2,193760,,44
Quintessence,Coleman Hawkins Quartet,Today And Now,Coleman Hawkins Quartet,1963-08-01,1,2,284680,,50
Cool Out,Leroy Hutson,Hutson,Leroy Hutson,1975-01-01,1,4,182028,https://p.scdn.co/mp3-preview/7d45dcecebd42c2d1f5a629163b4d0417cb52b17?cid=9950ac751e34487dbbe027c4fd7f8e99,45
I Could Write a Book,"Betty Carter, Ray Bryant",Social Call,Betty Carter,1980,1,3,158106,https://p.scdn.co/mp3-preview/8473adb6e210dc1595df24d4394a4bfa285bf718?cid=9950ac751e34487dbbe027c4fd7f8e99,47
Yams,"Jackie McLean, Herbie Hancock",Vertigo,Jackie McLean,2000-01-01,1,5,480000,,45
The Plum Blossom - Rudy Van Gelder Remaster,Yusef Lateef,Eastern Sounds,Yusef Lateef,1961,1,1,295066,,48
Hoe Down,Oliver Nelson,The Blues And The Abstract Truth,Oliver Nelson,1961-08-01,1,2,281986,,46
Weaver Of Dreams - Remastered 2003/Rudy Van Gelder Edition,Freddie Hubbard,Ready For Freddie (Rudy Van Gelder Remaster Edition),Freddie Hubbard,1961,1,2,395560,,48
One For Majid - Live,"Keith Jarrett, Gary Peacock, Jack DeJohnette",After The Fall (Live),"Keith Jarrett, Gary Peacock, Jack DeJohnette",2018-03-02,1,9,407586,,44
Stella By Starlight,Joe Lovano,I'm All For You (Ballad Songbook),Joe Lovano,2004-01-01,1,5,347773,,47
The Way You Look Tonight - 2003 Remastered,"Paul Desmond, Gerry Mulligan",The Complete RCA Victor Recordings,Paul Desmond,1963,6,5,439506,https://p.scdn.co/mp3-preview/e415824155d49d0ee3eee6daac95605223302c18?cid=9950ac751e34487dbbe027c4fd7f8e99,42
Bags' Groove,Milt Jackson,"Milt Jackson With John Lewis, Percy Heath, Kenny Clarke, Lou Donaldson And The Thelonious Monk Quintet (Expanded Edition)","Milt Jackson, Thelonious Monk Quintet",1956,1,4,186066,,46
Makin' Whoopee,The Ben Webster Quintet,Soulville,The Ben Webster Quintet,1957-01-01,1,6,271893,,46
Virgo - Remastered 2004 / Rudy Van Gelder Edition,Wayne Shorter,Night Dreamer,Wayne Shorter,1964-11-01,1,3,426800,,50
Someone To Watch Over Me,"Lee Konitz, Jimmy Giuffre",Lee Konitz Meets Jimmy Giuffre,"Lee Konitz, Jimmy Giuffre",1959-01-01,1,6,216360,,48
Louise,"Lionel Hampton, Stan Getz",Hamp & Getz,"Lionel Hampton, Stan Getz",1955-01-01,1,3,407800,,47
It Ain't Necessarily So,Mary Lou Williams,Gilles Peterson - Magic Peterson Sunshine,Various Artists,2016-04-15,1,2,280480,https://p.scdn.co/mp3-preview/15453ef8470dd7f974fb7e742de78cb1f277f6e9?cid=9950ac751e34487dbbe027c4fd7f8e99,52
Line For Lyons,"Gerry Mulligan, Paul Desmond Quartet",Gerry Mulligan - Paul Desmond Quartet / Blues In Time (Expanded Edition),"Gerry Mulligan, Paul Desmond Quartet",1957-12-01,1,4,188960,,51
I Can't Give You Anything But Love,Sonny Clark,Standards,Sonny Clark,1998-02-10,1,10,232306,,43
Fee-Fi-Fo-Fum - Remastered1998/Rudy Van Gelder Edition,Wayne Shorter,Speak No Evil,Wayne Shorter,1966-06-01,1,2,354066,,41
Ain't Misbehavin',Johnny Hartman,The Complete Gus Wildi Recordings,Johnny Hartman,2005-01-01,1,2,169360,https://p.scdn.co/mp3-preview/4f223eee7957ee488985a6ad17ccda57070863c3?cid=9950ac751e34487dbbe027c4fd7f8e99,43
I Remember You,Lee Konitz,Motion,Lee Konitz,1961-01-01,1,1,266706,,45
Serenade To A Soul Sister - Remastered,Horace Silver,Serenade To A Soul Sister,Horace Silver,2004-01-01,1,2,379000,,44
Conference Of The Birds,Dave Holland Quartet,Conference Of The Birds,Dave Holland Quartet,1973-06-20,1,3,277800,,45
Blues Inn - Remastered,Jackie McLean,Jackie's Bag,Jackie McLean,2003-01-01,1,2,545346,,43
Night Dreamer - Remastered 2004 / Rudy Van Gelder Edition,Wayne Shorter,Night Dreamer,Wayne Shorter,1964-11-01,1,1,435440,,44
Vendome,The Modern Jazz Quartet,Pyramid,The Modern Jazz Quartet,1960-01-01,1,1,150466,https://p.scdn.co/mp3-preview/4e2e533f56871476dc959f78b01e96df2ea03312?cid=9950ac751e34487dbbe027c4fd7f8e99,47
"He's Younger Than You Are - From ""Alfie"" Score",Sonny Rollins,Alfie,Sonny Rollins,1966,1,2,313440,,45
Until The Real Thing Comes Along,Coleman Hawkins,Soul,Coleman Hawkins,1958-01-01,1,6,282666,,45
How Long Has This Been Going On,"Ben Webster, Harry ""Sweets"" Edison","Ben And ""Sweets""","Ben Webster, Harry ""Sweets"" Edison",1962,1,2,330693,https://p.scdn.co/mp3-preview/0e60ab7338d3fd832c6119e1b8bec381d3ae35b4?cid=9950ac751e34487dbbe027c4fd7f8e99,46
In Your Own Sweet Way,Phil Woods,Warm Woods,Phil Woods,2005-01-01,1,1,484106,https://p.scdn.co/mp3-preview/f711b6e37f6d2766979937c6e0770ec2556916e4?cid=9950ac751e34487dbbe027c4fd7f8e99,43
Main Stem,Johnny Hodges,Everybody Knows,Johnny Hodges,1964-01-01,1,4,207480,,43
Have You Met Miss Jones?,Oscar Peterson Trio,Jazz in Autumn: Oscar Peterson,"Oscar Peterson, Oscar Peterson Trio",2023-10-04,1,86,250853,,44
Two Not One,"Lee Konitz, Warne Marsh",Lee Konitz with Warne Marsh,Lee Konitz,2005-10-18,1,5,331266,https://p.scdn.co/mp3-preview/0f099decc9a0495ef47286ef20f76665c158b010?cid=9950ac751e34487dbbe027c4fd7f8e99,43
Cottontail,Earl Hines,Once Upon A Time,Earl Hines,1966-01-01,1,4,193466,,42
What's the Rush,Gerry Mulligan & Johnny Hodges,Presenting Gerry Mulligan & Johnny Hodges,Gerry Mulligan & Johnny Hodges,1954-03-24,1,1,225168,https://p.scdn.co/mp3-preview/6e7cad1791154907a4a58342aba728e88b8229c0?cid=9950ac751e34487dbbe027c4fd7f8e99,47
Lover Man - Remastered 2006/Rudy Van Gelder Edition,Johnny Griffin,Introducing Johnny Griffin (Rudy Van Gelder Edition / Remastered),Johnny Griffin,1957-02-01,1,7,473386,,45
I'll Remember April,Carmen McRae,By Special Request,Carmen McRae,1955-01-01,1,10,157213,,42
Paul's Pal - Rudy Van Gelder Remaster,Sonny Rollins Quartet,Tenor Madness,Sonny Rollins Quartet,1956,1,3,309360,,48
"Dorene Don't Cry, I - Remastered",Stanley Turrentine,That's Where It's At,Stanley Turrentine,2005-01-01,1,5,374626,,43
My Sin - Remastered 2000/Rudy Van Gelder Edition,Hank Mobley,The Turnaround,Hank Mobley,2000-01-01,1,5,413306,,45
Too Close For Comfort,"Jutta Hipp, Zoot Sims",Jutta Hipp With Zoot Sims (Expanded Edition),"Jutta Hipp, Zoot Sims",1957,1,6,412653,,44
Inner Urge - Rudy Van Gelder Edition; 2004 Digital Remaster,Joe Henderson,Inner Urge (The Rudy Van Gelder Edition),Joe Henderson,2004-01-01,1,1,718960,,43
Foolin' Myself,Lee Konitz,Motion,Lee Konitz,1961-01-01,1,3,417320,,46
The Moontrane - Rudy Van Gelder 24Bit Mastering/Digital Remaster/1998,Larry Young,Unity (Remastered / Rudy Van Gelder Edition),Larry Young,1999-01-01,1,4,441426,,43
Solitude,Sonny Rollins,Way Out West (OJC Remaster),Sonny Rollins,1957,1,2,471173,,45
Tetragon,Joe Henderson,Tetragon,Joe Henderson,1968,1,4,339066,,42
I've Got A Crush On You,Ella Fitzgerald,Ella Sings Gershwin,Ella Fitzgerald,1950-09-11,1,5,196440,,59
Time After Time - Vocal Version,Chet Baker,Chet Baker Sings,Chet Baker,1956,1,8,166760,,63
But Not For Me - Vocal Version,Chet Baker,Chet Baker Sings,Chet Baker,1956,1,7,184466,,60
